Statistic,XgrGRT,XspssGRT,XprpGRT,XMgGRT,SiBT,xTiBT,XMgBT,SiMU,XabPLAG
MEAN,0.059183673,0.018707483,0.163605442,0.177425304,2.713,0.102,0.489915231,3.068,0.887532228
SIGMA,0.005918367,0.001870748,0.016360544,0.01774253,0.2713,0.0102,0.048991523,0.3068,0.088753223
